{
    "$schema": "https://schema.management.azure.com/schemas/2019-04-01/deploymentTemplate.json#",
    "contentVersion": "1.0.0.0",
    "parameters": {
        "namespaces_realeventhub_name": {
            "defaultValue": "realeventhub",
            "type": "String"
        }
    },
    "variables": {},
    "resources": [
        {
            "type": "Microsoft.EventHub/namespaces",
            "apiVersion": "2024-05-01-preview",
            "name": "[parameters('namespaces_realeventhub_name')]",
            "location": "eastus2",
            "sku": {
                "name": "Basic",
                "tier": "Basic",
                "capacity": 1
            },
            "properties": {
                "geoDataReplication": {
                    "maxReplicationLagDurationInSeconds": 0,
                    "locations": [
                        {
                            "locationName": "eastus2",
                            "roleType": "Primary"
                        }
                    ]
                },
                "minimumTlsVersion": "1.2",
                "publicNetworkAccess": "Enabled",
                "disableLocalAuth": false,
                "zoneRedundant": true,
                "isAutoInflateEnabled": false,
                "maximumThroughputUnits": 0,
                "kafkaEnabled": true
            }
        },
        {
            "type": "Microsoft.EventHub/namespaces/authorizationrules",
            "apiVersion": "2024-05-01-preview",
            "name": "[concat(parameters('namespaces_realeventhub_name'), '/RootManageSharedAccessKey')]",
            "location": "eastus2",
            "dependsOn": [
                "[resourceId('Microsoft.EventHub/namespaces', parameters('namespaces_realeventhub_name'))]"
            ],
            "properties": {
                "rights": [
                    "Listen",
                    "Manage",
                    "Send"
                ]
            }
        },
        {
            "type": "Microsoft.EventHub/namespaces/eventhubs",
            "apiVersion": "2024-05-01-preview",
            "name": "[concat(parameters('namespaces_realeventhub_name'), '/', parameters('namespaces_realeventhub_name'), '1')]",
            "location": "eastus2",
            "dependsOn": [
                "[resourceId('Microsoft.EventHub/namespaces', parameters('namespaces_realeventhub_name'))]"
            ],
            "properties": {
                "messageTimestampDescription": {
                    "timestampType": "LogAppend"
                },
                "retentionDescription": {
                    "cleanupPolicy": "Delete",
                    "retentionTimeInHours": 1
                },
                "messageRetentionInDays": 1,
                "partitionCount": 1,
                "status": "Disabled"
            }
        },
        {
            "type": "Microsoft.EventHub/namespaces/networkrulesets",
            "apiVersion": "2024-05-01-preview",
            "name": "[concat(parameters('namespaces_realeventhub_name'), '/default')]",
            "location": "eastus2",
            "dependsOn": [
                "[resourceId('Microsoft.EventHub/namespaces', parameters('namespaces_realeventhub_name'))]"
            ],
            "properties": {
                "publicNetworkAccess": "Enabled",
                "defaultAction": "Allow",
                "virtualNetworkRules": [],
                "ipRules": [],
                "trustedServiceAccessEnabled": false
            }
        },
        {
            "type": "Microsoft.EventHub/namespaces/eventhubs/authorizationrules",
            "apiVersion": "2024-05-01-preview",
            "name": "[concat(parameters('namespaces_realeventhub_name'), '/', parameters('namespaces_realeventhub_name'), '1/instanceshared')]",
            "location": "eastus2",
            "dependsOn": [
                "[resourceId('Microsoft.EventHub/namespaces/eventhubs', parameters('namespaces_realeventhub_name'), concat(parameters('namespaces_realeventhub_name'), '1'))]",
                "[resourceId('Microsoft.EventHub/namespaces', parameters('namespaces_realeventhub_name'))]"
            ],
            "properties": {
                "rights": [
                    "Send"
                ]
            }
        },
        {
            "type": "Microsoft.EventHub/namespaces/eventhubs/authorizationrules",
            "apiVersion": "2024-05-01-preview",
            "name": "[concat(parameters('namespaces_realeventhub_name'), '/', parameters('namespaces_realeventhub_name'), '1/StreamAnalytics1_', parameters('namespaces_realeventhub_name'), '1_policy')]",
            "location": "eastus2",
            "dependsOn": [
                "[resourceId('Microsoft.EventHub/namespaces/eventhubs', parameters('namespaces_realeventhub_name'), concat(parameters('namespaces_realeventhub_name'), '1'))]",
                "[resourceId('Microsoft.EventHub/namespaces', parameters('namespaces_realeventhub_name'))]"
            ],
            "properties": {
                "rights": [
                    "Listen"
                ]
            }
        },
        {
            "type": "Microsoft.EventHub/namespaces/eventhubs/consumergroups",
            "apiVersion": "2024-05-01-preview",
            "name": "[concat(parameters('namespaces_realeventhub_name'), '/', parameters('namespaces_realeventhub_name'), '1/$Default')]",
            "location": "eastus2",
            "dependsOn": [
                "[resourceId('Microsoft.EventHub/namespaces/eventhubs', parameters('namespaces_realeventhub_name'), concat(parameters('namespaces_realeventhub_name'), '1'))]",
                "[resourceId('Microsoft.EventHub/namespaces', parameters('namespaces_realeventhub_name'))]"
            ],
            "properties": {}
        }
    ]
}